Workbook

Sheet Read Me
A1: Vendor Risk Assessment Workbook
A2: Original questionnaire and scoring model for assessing service providers and technology suppliers.
A5: Purpose | B5: Collect, score, and review vendor security, privacy, resilience, and compliance information.
A6: Recommended workflow | B6: 1. Complete Vendor Profile. 2. Select applicable packs in Questionnaire Scope. 3. Complete Inherent Risk. 4. Answer rows marked Answer in Questionnaire. 5. Link evidence and review Dashboard.
A7: Response model | B7: Yes = implemented; Partial = partly implemented; No = not implemented; N/A = not applicable with explanation; Not Answered = pending.
A8: Scoring | B8: Each applicable question has a weight from 1 to 5. Partial adds 2 × weight and No adds 4 × weight. Lower residual-risk percentages are better.
A9: Customization | B9: Add organization-specific questions beneath the existing table and preserve unique IDs. Adjust weights only under an approved methodology.
A10: Evidence | B10: Reference supporting items in the Evidence Register and enter the evidence ID in the Questionnaire.
A11: App import | B11: Stable control IDs, domain names, typed fields, and dropdown values make the Questionnaire suitable for structured import.
A12: Content notice | B12: This workbook contains independently written content. It is not a Shared Assessments SIG product and should not be represented as one.
A13: Version | B13: 1.0 — September 2026
A15: Reference resources
A16: NIST Cybersecurity Framework 2.0 | B16: https://www.nist.gov/cyberframework
A17: CISA Cybersecurity Performance Goals | B17: https://www.cisa.gov/cybersecurity-performance-goals
A18: CIS Critical Security Controls | B18: https://www.cisecurity.org/controls

Sheet Dashboard
A1: Assessment Dashboard
A2: Formula-driven summary of completion and residual control risk.
A5: Total controls | B5: Answered controls | D5: Completion | E5: Residual risk | G5: Open findings | H5: Evidence accepted
A6: =COUNTIF(Questionnaire!Q6:Q107,"Yes") -> 45 | B6: =COUNTIFS(Questionnaire!Q6:Q107,"Yes",Questionnaire!H6:H107,"<>",Questionnaire!H6:H107,"<>Not Answered") -> 0 | D6: =IF(A6=0,"",B6/A6) -> 0 | E6: =IF(SUM(Questionnaire!O6:O107)=0,"",SUM(Questionnaire!N6:N107)/SUM(Questionnaire!O6:O107)) | G6: =COUNTIFS(Questionnaire!Q6:Q107,"Yes",Questionnaire!H6:H107,"No")+COUNTIFS(Questionnaire!Q6:Q107,"Yes",Questionnaire!H6:H107,"Partial") -> 0 | H6: =COUNTIF('Evidence Register'!I6:I35,"Accepted") -> 0
A9: Domain | B9: Controls | C9: Answered | D9: Completion | E9: Risk score | F9: Maximum | G9: Residual risk | H9: Risk level | J9: Domain | K9: Controls
A10: Governance and Risk | B10: =COUNTIFS(Questionnaire!$B$6:$B$107,A10,Questionnaire!$Q$6:$Q$107,"Yes") -> 7 | C10: =COUNTIFS(Questionnaire!$B$6:$B$107,A10,Questionnaire!$Q$6:$Q$107,"Yes",Questionnaire!$H$6:$H$107,"<>",Questionnaire!$H$6:$H$107,"<>Not Answered") -> 0 | D10: =IF(B10=0,"",C10/B10) -> 0 | E10: =SUMIF(Questionnaire!$B$6:$B$107,A10,Questionnaire!$N$6:$N$107) -> 0 | F10: =SUMIF(Questionnaire!$B$6:$B$107,A10,Questionnaire!$O$6:$O$107) -> 0 | G10: =IF(F10=0,"",E10/F10) | H10: =IF(G10="","Not rated",IF(G10<0.15,"Low",IF(G10<0.35,"Moderate",IF(G10<0.6,"High","Critical")))) -> Not rated | J10: =A10 -> Governance and Risk | K10: =B10 -> 7
A11: Asset and Data Management | B11: =COUNTIFS(Questionnaire!$B$6:$B$107,A11,Questionnaire!$Q$6:$Q$107,"Yes") -> 0 | C11: =COUNTIFS(Questionnaire!$B$6:$B$107,A11,Questionnaire!$Q$6:$Q$107,"Yes",Questionnaire!$H$6:$H$107,"<>",Questionnaire!$H$6:$H$107,"<>Not Answered") -> 0 | D11: =IF(B11=0,"",C11/B11) | E11: =SUMIF(Questionnaire!$B$6:$B$107,A11,Questionnaire!$N$6:$N$107) -> 0 | F11: =SUMIF(Questionnaire!$B$6:$B$107,A11,Questionnaire!$O$6:$O$107) -> 0 | G11: =IF(F11=0,"",E11/F11) | H11: =IF(G11="","Not rated",IF(G11<0.15,"Low",IF(G11<0.35,"Moderate",IF(G11<0.6,"High","Critical")))) -> Not rated | J11: =A11 -> Asset and Data Management | K11: =B11 -> 0
A12: Identity and Access | B12: =COUNTIFS(Questionnaire!$B$6:$B$107,A12,Questionnaire!$Q$6:$Q$107,"Yes") -> 7 | C12: =COUNTIFS(Questionnaire!$B$6:$B$107,A12,Questionnaire!$Q$6:$Q$107,"Yes",Questionnaire!$H$6:$H$107,"<>",Questionnaire!$H$6:$H$107,"<>Not Answered") -> 0 | D12: =IF(B12=0,"",C12/B12) -> 0 | E12: =SUMIF(Questionnaire!$B$6:$B$107,A12,Questionnaire!$N$6:$N$107) -> 0 | F12: =SUMIF(Questionnaire!$B$6:$B$107,A12,Questionnaire!$O$6:$O$107) -> 0 | G12: =IF(F12=0,"",E12/F12) | H12: =IF(G12="","Not rated",IF(G12<0.15,"Low",IF(G12<0.35,"Moderate",IF(G12<0.6,"High","Critical")))) -> Not rated | J12: =A12 -> Identity and Access | K12: =B12 -> 7
A13: Human Resources Security | B13: =COUNTIFS(Questionnaire!$B$6:$B$107,A13,Questionnaire!$Q$6:$Q$107,"Yes") -> 6 | C13: =COUNTIFS(Questionnaire!$B$6:$B$107,A13,Questionnaire!$Q$6:$Q$107,"Yes",Questionnaire!$H$6:$H$107,"<>",Questionnaire!$H$6:$H$107,"<>Not Answered") -> 0 | D13: =IF(B13=0,"",C13/B13) -> 0 | E13: =SUMIF(Questionnaire!$B$6:$B$107,A13,Questionnaire!$N$6:$N$107) -> 0 | F13: =SUMIF(Questionnaire!$B$6:$B$107,A13,Questionnaire!$O$6:$O$107) -> 0 | G13: =IF(F13=0,"",E13/F13) | H13: =IF(G13="","Not rated",IF(G13<0.15,"Low",IF(G13<0.35,"Moderate",IF(G13<0.6,"High","Critical")))) -> Not rated | J13: =A13 -> Human Resources Security | K13: =B13 -> 6
A14: Physical Security | B14: =COUNTIFS(Questionnaire!$B$6:$B$107,A14,Questionnaire!$Q$6:$Q$107,"Yes") -> 0 | C14: =COUNTIFS(Questionnaire!$B$6:$B$107,A14,Questionnaire!$Q$6:$Q$107,"Yes",Questionnaire!$H$6:$H$107,"<>",Questionnaire!$H$6:$H$107,"<>Not Answered") -> 0 | D14: =IF(B14=0,"",C14/B14) | E14: =SUMIF(Questionnaire!$B$6:$B$107,A14,Questionnaire!$N$6:$N$107) -> 0 | F14: =SUMIF(Questionnaire!$B$6:$B$107,A14,Questionnaire!$O$6:$O$107) -> 0 | G14: =IF(F14=0,"",E14/F14) | H14: =IF(G14="","Not rated",IF(G14<0.15,"Low",IF(G14<0.35,"Moderate",IF(G14<0.6,"High","Critical")))) -> Not rated | J14: =A14 -> Physical Security | K14: =B14 -> 0
A15: Secure Configuration | B15: =COUNTIFS(Questionnaire!$B$6:$B$107,A15,Questionnaire!$Q$6:$Q$107,"Yes") -> 0 | C15: =COUNTIFS(Questionnaire!$B$6:$B$107,A15,Questionnaire!$Q$6:$Q$107,"Yes",Questionnaire!$H$6:$H$107,"<>",Questionnaire!$H$6:$H$107,"<>Not Answered") -> 0 | D15: =IF(B15=0,"",C15/B15) | E15: =SUMIF(Questionnaire!$B$6:$B$107,A15,Questionnaire!$N$6:$N$107) -> 0 | F15: =SUMIF(Questionnaire!$B$6:$B$107,A15,Questionnaire!$O$6:$O$107) -> 0 | G15: =IF(F15=0,"",E15/F15) | H15: =IF(G15="","Not rated",IF(G15<0.15,"Low",IF(G15<0.35,"Moderate",IF(G15<0.6,"High","Critical")))) -> Not rated | J15: =A15 -> Secure Configuration | K15: =B15 -> 0
A16: Vulnerability Management | B16: =COUNTIFS(Questionnaire!$B$6:$B$107,A16,Questionnaire!$Q$6:$Q$107,"Yes") -> 7 | C16: =COUNTIFS(Questionnaire!$B$6:$B$107,A16,Questionnaire!$Q$6:$Q$107,"Yes",Questionnaire!$H$6:$H$107,"<>",Questionnaire!$H$6:$H$107,"<>Not Answered") -> 0 | D16: =IF(B16=0,"",C16/B16) -> 0 | E16: =SUMIF(Questionnaire!$B$6:$B$107,A16,Questionnaire!$N$6:$N$107) -> 0 | F16: =SUMIF(Questionnaire!$B$6:$B$107,A16,Questionnaire!$O$6:$O$107) -> 0 | G16: =IF(F16=0,"",E16/F16) | H16: =IF(G16="","Not rated",IF(G16<0.15,"Low",IF(G16<0.35,"Moderate",IF(G16<0.6,"High","Critical")))) -> Not rated | J16: =A16 -> Vulnerability Management | K16: =B16 -> 7
A17: Application Security | B17: =COUNTIFS(Questionnaire!$B$6:$B$107,A17,Questionnaire!$Q$6:$Q$107,"Yes") -> 0 | C17: =COUNTIFS(Questionnaire!$B$6:$B$107,A17,Questionnaire!$Q$6:$Q$107,"Yes",Questionnaire!$H$6:$H$107,"<>",Questionnaire!$H$6:$H$107,"<>Not Answered") -> 0 | D17: =IF(B17=0,"",C17/B17) | E17: =SUMIF(Questionnaire!$B$6:$B$107,A17,Questionnaire!$N$6:$N$107) -> 0 | F17: =SUMIF(Questionnaire!$B$6:$B$107,A17,Questionnaire!$O$6:$O$107) -> 0 | G17: =IF(F17=0,"",E17/F17) | H17: =IF(G17="","Not rated",IF(G17<0.15,"Low",IF(G17<0.35,"Moderate",IF(G17<0.6,"High","Critical")))) -> Not rated | J17: =A17 -> Application Security | K17: =B17 -> 0
A18: Logging and Monitoring | B18: =COUNTIFS(Questionnaire!$B$6:$B$107,A18,Questionnaire!$Q$6:$Q$107,"Yes") -> 6 | C18: =COUNTIFS(Questionnaire!$B$6:$B$107,A18,Questionnaire!$Q$6:$Q$107,"Yes",Questionnaire!$H$6:$H$107,"<>",Questionnaire!$H$6:$H$107,"<>Not Answered") -> 0 | D18: =IF(B18=0,"",C18/B18) -> 0 | E18: =SUMIF(Questionnaire!$B$6:$B$107,A18,Questionnaire!$N$6:$N$107) -> 0 | F18: =SUMIF(Questionnaire!$B$6:$B$107,A18,Questionnaire!$O$6:$O$107) -> 0 | G18: =IF(F18=0,"",E18/F18) | H18: =IF(G18="","Not rated",IF(G18<0.15,"Low",IF(G18<0.35,"Moderate",IF(G18<0.6,"High","Critical")))) -> Not rated | J18: =A18 -> Logging and Monitoring | K18: =B18 -> 6
A19: Incident Response | B19: =COUNTIFS(Questionnaire!$B$6:$B$107,A19,Questionnaire!$Q$6:$Q$107,"Yes") -> 6 | C19: =COUNTIFS(Questionnaire!$B$6:$B$107,A19,Questionnaire!$Q$6:$Q$107,"Yes",Questionnaire!$H$6:$H$107,"<>",Questionnaire!$H$6:$H$107,"<>Not Answered") -> 0 | D19: =IF(B19=0,"",C19/B19) -> 0 | E19: =SUMIF(Questionnaire!$B$6:$B$107,A19,Questionnaire!$N$6:$N$107) -> 0 | F19: =SUMIF(Questionnaire!$B$6:$B$107,A19,Questionnaire!$O$6:$O$107) -> 0 | G19: =IF(F19=0,"",E19/F19) | H19: =IF(G19="","Not rated",IF(G19<0.15,"Low",IF(G19<0.35,"Moderate",IF(G19<0.6,"High","Critical")))) -> Not rated | J19: =A19 -> Incident Response | K19: =B19 -> 6
A20: Business Continuity | B20: =COUNTIFS(Questionnaire!$B$6:$B$107,A20,Questionnaire!$Q$6:$Q$107,"Yes") -> 0 | C20: =COUNTIFS(Questionnaire!$B$6:$B$107,A20,Questionnaire!$Q$6:$Q$107,"Yes",Questionnaire!$H$6:$H$107,"<>",Questionnaire!$H$6:$H$107,"<>Not Answered") -> 0 | D20: =IF(B20=0,"",C20/B20) | E20: =SUMIF(Questionnaire!$B$6:$B$107,A20,Questionnaire!$N$6:$N$107) -> 0 | F20: =SUMIF(Questionnaire!$B$6:$B$107,A20,Questionnaire!$O$6:$O$107) -> 0 | G20: =IF(F20=0,"",E20/F20) | H20: =IF(G20="","Not rated",IF(G20<0.15,"Low",IF(G20<0.35,"Moderate",IF(G20<0.6,"High","Critical")))) -> Not rated | J20: =A20 -> Business Continuity | K20: =B20 -> 0
A21: Third-Party Management | B21: =COUNTIFS(Questionnaire!$B$6:$B$107,A21,Questionnaire!$Q$6:$Q$107,"Yes") -> 6 | C21: =COUNTIFS(Questionnaire!$B$6:$B$107,A21,Questionnaire!$Q$6:$Q$107,"Yes",Questionnaire!$H$6:$H$107,"<>",Questionnaire!$H$6:$H$107,"<>Not Answered") -> 0 | D21: =IF(B21=0,"",C21/B21) -> 0 | E21: =SUMIF(Questionnaire!$B$6:$B$107,A21,Questionnaire!$N$6:$N$107) -> 0 | F21: =SUMIF(Questionnaire!$B$6:$B$107,A21,Questionnaire!$O$6:$O$107) -> 0 | G21: =IF(F21=0,"",E21/F21) | H21: =IF(G21="","Not rated",IF(G21<0.15,"Low",IF(G21<0.35,"Moderate",IF(G21<0.6,"High","Critical")))) -> Not rated | J21: =A21 -> Third-Party Management | K21: =B21 -> 6
... A25: Compliance and Assurance | B25: =COUNTIFS(Questionnaire!$B$6:$B$107,A25,Questionnaire!$Q$6:$Q$107,"Yes") -> 0 | C25: =COUNTIFS(Questionnaire!$B$6:$B$107,A25,Questionnaire!$Q$6:$Q$107,"Yes",Questionnaire!$H$6:$H$107,"<>",Questionnaire!$H$6:$H$107,"<>Not Answered") -> 0 | D25: =IF(B25=0,"",C25/B25) | E25: =SUMIF(Questionnaire!$B$6:$B$107,A25,Questionnaire!$N$6:$N$107) -> 0 | F25: =SUMIF(Questionnaire!$B$6:$B$107,A25,Questionnaire!$O$6:$O$107) -> 0 | G25: =IF(F25=0,"",E25/F25) | H25: =IF(G25="","Not rated",IF(G25<0.15,"Low",IF(G25<0.35,"Moderate",IF(G25<0.6,"High","Critical")))) -> Not rated | J25: =A25 -> Compliance and Assurance | K25: =B25 -> 0

Sheet Vendor Profile
A1: Vendor Profile
A2: Complete before assigning or reviewing the questionnaire.
A5: Field | B5: Response
A6: Vendor legal name
A7: Service or product
A8: Business owner
A9: Assessment owner
A10: Primary vendor contact
A11: Assessment date
A12: Target completion date
A13: Service description
A14: Customer data involved
A15: Hosting model
A16: Primary processing locations
A17: Critical subcontractors
A18: Contract renewal date
A19: Overall risk tier | B19: Moderate

Sheet Questionnaire Scope
A1: Questionnaire Scope
A2: Complete the service profile below. The Questionnaire uses these selections to mark each question Answer, Skip, or Confirm scope.
A5: Questionnaire pack | B5: Use this pack when | C5: Vendor response | D5: Include pack | E5: Questions | F5: Vendor instruction
A6: Baseline | B6: All vendors. Covers governance, workforce, identity, vulnerability management, monitoring, incident response, and supplier oversight. | C6: Yes | D6: Yes | E6: 45 | F6: =IF(D6="Yes","Answer this pack",IF(D6="No","Skip this pack","Confirm applicability before answering")) -> Answer this pack
A7: Personal and Sensitive Data | B7: The service stores, processes, transmits, or can access customer, confidential, personal, regulated, authentication, payment, or health information. | C7: Unknown | D7: =IF(C7="Yes","Yes",IF(C7="No","No","Review")) -> Review | E7: 13 | F7: =IF(D7="Yes","Answer this pack",IF(D7="No","Skip this pack","Confirm applicability before answering")) -> Confirm applicability before answering
A8: Software and API | B8: The vendor supplies software, a hosted application, an API, custom code, or develops code used by the organization. | C8: Unknown | D8: =IF(C8="Yes","Yes",IF(C8="No","No","Review")) -> Review | E8: 7 | F8: =IF(D8="Yes","Answer this pack",IF(D8="No","Skip this pack","Confirm applicability before answering")) -> Confirm applicability before answering
A9: Cloud Hosting | B9: The vendor hosts systems or data, operates cloud infrastructure, or provides a platform used to deliver the service. | C9: Unknown | D9: =IF(C9="Yes","Yes",IF(C9="No","No","Review")) -> Review | E9: 13 | F9: =IF(D9="Yes","Answer this pack",IF(D9="No","Skip this pack","Confirm applicability before answering")) -> Confirm applicability before answering
A10: Privileged and Network Access | B10: The vendor connects to a trusted network or receives administrative, remote, service-account, or production-system access. | C10: Unknown | D10: =IF(C10="Yes","Yes",IF(C10="No","No","Review")) -> Review | E10: 6 | F10: =IF(D10="Yes","Answer this pack",IF(D10="No","Skip this pack","Confirm applicability before answering")) -> Confirm applicability before answering
A11: Critical Operations | B11: An outage, recovery failure, or loss of the vendor would materially disrupt critical operations or customer commitments. | C11: Unknown | D11: =IF(C11="Yes","Yes",IF(C11="No","No","Review")) -> Review | E11: 6 | F11: =IF(D11="Yes","Answer this pack",IF(D11="No","Skip this pack","Confirm applicability before answering")) -> Confirm applicability before answering
A12: Regulated Service | B12: The service supports a regulated activity or creates specific legal, contractual, audit, or certification obligations. | C12: Unknown | D12: =IF(C12="Yes","Yes",IF(C12="No","No","Review")) -> Review | E12: 6 | F12: =IF(D12="Yes","Answer this pack",IF(D12="No","Skip this pack","Confirm applicability before answering")) -> Confirm applicability before answering
A13: Physical Delivery | B13: The service depends on vendor facilities, physical records, equipment handling, on-site access, or physical protection of systems or media. | C13: Unknown | D13: =IF(C13="Yes","Yes",IF(C13="No","No","Review")) -> Review | E13: 6 | F13: =IF(D13="Yes","Answer this pack",IF(D13="No","Skip this pack","Confirm applicability before answering")) -> Confirm applicability before answering
A16: How to use the result
A17: Answer | B17: Complete the response, comments, and evidence fields for these questions.
A18: Skip | B18: No response is required. The row is excluded from completion and risk scoring.
A19: Confirm scope | B19: Ask the assessment owner whether the pack applies before answering or skipping it.

Sheet Inherent Risk
A1: Inherent Risk
A2: Rate exposure before considering the vendor's control responses.
A5: Risk ID | B5: Category | C5: Exposure question | D5: Rating | E5: Rationale | F5: Score | H5: Summary
A6: IR-01 | B6: Service criticality | C6: Would an outage materially disrupt critical operations or customer commitments? | D6: Unknown | F6: =IF(D6="Low",1,IF(D6="Moderate",2,IF(OR(D6="High",D6="Unknown"),3,""))) -> 3 | H6: Average score | I6: =AVERAGE(F6:F20) -> 3
A7: IR-02 | B7: Sensitive data | C7: Will the vendor store or process confidential, regulated, authentication, payment, or health information? | D7: Unknown | F7: =IF(D7="Low",1,IF(D7="Moderate",2,IF(OR(D7="High",D7="Unknown"),3,""))) -> 3 | H7: Inherent tier | I7: =IF(I6<1.5,"Low",IF(I6<2.4,"Moderate","High")) -> High
A8: IR-03 | B8: Data volume | C8: Will the vendor process a large or rapidly growing volume of organizational or customer records? | D8: Unknown | F8: =IF(D8="Low",1,IF(D8="Moderate",2,IF(OR(D8="High",D8="Unknown"),3,""))) -> 3 | H8: High exposures | I8: =COUNTIF(D6:D20,"High")+COUNTIF(D6:D20,"Unknown") -> 15
A9: IR-04 | B9: Privileged access | C9: Will the vendor have administrative or privileged access to systems, networks, or cloud environments? | D9: Unknown | F9: =IF(D9="Low",1,IF(D9="Moderate",2,IF(OR(D9="High",D9="Unknown"),3,""))) -> 3
A10: IR-05 | B10: System integration | C10: Will the service connect directly to production systems or trusted networks? | D10: Unknown | F10: =IF(D10="Low",1,IF(D10="Moderate",2,IF(OR(D10="High",D10="Unknown"),3,""))) -> 3
A11: IR-06 | B11: Customer-facing | C11: Is the service directly used by customers or embedded in a customer-facing product? | D11: Unknown | F11: =IF(D11="Low",1,IF(D11="Moderate",2,IF(OR(D11="High",D11="Unknown"),3,""))) -> 3
A12: IR-07 | B12: Financial impact | C12: Could service failure, fraud, or misuse create material financial loss? | D12: Unknown | F12: =IF(D12="Low",1,IF(D12="Moderate",2,IF(OR(D12="High",D12="Unknown"),3,""))) -> 3
A13: IR-08 | B13: Regulatory impact | C13: Could the service affect compliance with a law, regulation, license, or supervisory commitment? | D13: Unknown | F13: =IF(D13="Low",1,IF(D13="Moderate",2,IF(OR(D13="High",D13="Unknown"),3,""))) -> 3
A14: IR-09 | B14: Geographic exposure | C14: Will data or service delivery depend on higher-risk or legally complex jurisdictions? | D14: Unknown | F14: =IF(D14="Low",1,IF(D14="Moderate",2,IF(OR(D14="High",D14="Unknown"),3,""))) -> 3
A15: IR-10 | B15: Subcontracting | C15: Will important service components or data processing be delegated to other providers? | D15: Unknown | F15: =IF(D15="Low",1,IF(D15="Moderate",2,IF(OR(D15="High",D15="Unknown"),3,""))) -> 3
A16: IR-11 | B16: Concentration | C16: Would replacement be difficult because of unique technology, data, skills, or market concentration? | D16: Unknown | F16: =IF(D16="Low",1,IF(D16="Moderate",2,IF(OR(D16="High",D16="Unknown"),3,""))) -> 3
A17: IR-12 | B17: Operational dependency | C17: Is the vendor required for time-sensitive or high-volume operations? | D17: Unknown | F17: =IF(D17="Low",1,IF(D17="Moderate",2,IF(OR(D17="High",D17="Unknown"),3,""))) -> 3
A18: IR-13 | B18: Artificial intelligence | C18: Will the service train, operate, or make decisions using machine-learning or generative-AI capabilities? | D18: Unknown | F18: =IF(D18="Low",1,IF(D18="Moderate",2,IF(OR(D18="High",D18="Unknown"),3,""))) -> 3
A19: IR-14 | B19: Public exposure | C19: Is the service reachable from the public internet or responsible for externally accessible infrastructure? | D19: Unknown | F19: =IF(D19="Low",1,IF(D19="Moderate",2,IF(OR(D19="High",D19="Unknown"),3,""))) -> 3
A20: IR-15 | B20: Brand impact | C20: Could failure or misuse create significant customer harm or reputational damage? | D20: Unknown | F20: =IF(D20="Low",1,IF(D20="Moderate",2,IF(OR(D20="High",D20="Unknown"),3,""))) -> 3

Sheet Questionnaire
A1: Vendor Security Questionnaire
A2: 102 original control questions. Filter Vendor action to Answer; skip rows marked Skip.
A5: Control ID | B5: Domain | C5: Topic | D5: Control question | E5: Response guidance | F5: Expected evidence | G5: Weight | H5: Response | I5: Vendor comments | J5: Evidence ID | K5: Owner | L5: Due date | M5: Workflow status | N5: Risk score | O5: Maximum score | P5: Questionnaire pack | Q5: Applicable | R5: Vendor action
A6: VRA-001 | B6: Governance and Risk | C6: Governance | D6: Has management assigned accountable owners for information-security and technology-risk decisions? | E6: Provide the role or committee responsible for oversight. | F6: Governance charter or responsibility matrix | G6: 4 | H6: Not Answered | M6: Open | N6: =IF(Q6<>"Yes","",IF(OR(H6="",H6="Not Answered",H6="N/A"),IF(H6="N/A",0,""),IF(H6="Yes",0,IF(H6="Partial",G6*2,IF(H6="No",G6*4,""))))) | O6: =IF(Q6<>"Yes","",IF(OR(H6="",H6="Not Answered",H6="N/A"),"",G6*4)) | P6: Baseline | Q6: =IF(P6="Baseline","Yes",IF(VLOOKUP(P6,'Questionnaire Scope'!$A$6:$D$13,4,FALSE)="Yes","Yes",IF(VLOOKUP(P6,'Questionnaire Scope'!$A$6:$D$13,4,FALSE)="No","No","Review"))) -> Yes | R6: =IF(Q6="Yes","Answer",IF(Q6="No","Skip","Confirm scope")) -> Answer
A7: VRA-002 | B7: Governance and Risk | C7: Risk assessment | D7: Does the organization complete documented technology and security risk assessments on a defined schedule? | E7: State the frequency and the date of the most recent assessment. | F7: Risk assessment report | G7: 4 | H7: Not Answered | M7: Open | N7: =IF(Q7<>"Yes","",IF(OR(H7="",H7="Not Answered",H7="N/A"),IF(H7="N/A",0,""),IF(H7="Yes",0,IF(H7="Partial",G7*2,IF(H7="No",G7*4,""))))) | O7: =IF(Q7<>"Yes","",IF(OR(H7="",H7="Not Answered",H7="N/A"),"",G7*4)) | P7: Baseline | Q7: =IF(P7="Baseline","Yes",IF(VLOOKUP(P7,'Questionnaire Scope'!$A$6:$D$13,4,FALSE)="Yes","Yes",IF(VLOOKUP(P7,'Questionnaire Scope'!$A$6:$D$13,4,FALSE)="No","No","Review"))) -> Yes | R7: =IF(Q7="Yes","Answer",IF(Q7="No","Skip","Confirm scope")) -> Answer
A8: VRA-003 | B8: Governance and Risk | C8: Risk treatment | D8: Are identified risks assigned an owner, treatment decision, target date, and tracked status? | E8: Describe the system used to monitor remediation. | F8: Risk register | G8: 4 | H8: Not Answered | M8: Open | N8: =IF(Q8<>"Yes","",IF(OR(H8="",H8="Not Answered",H8="N/A"),IF(H8="N/A",0,""),IF(H8="Yes",0,IF(H8="Partial",G8*2,IF(H8="No",G8*4,""))))) | O8: =IF(Q8<>"Yes","",IF(OR(H8="",H8="Not Answered",H8="N/A"),"",G8*4)) | P8: Baseline | Q8: =IF(P8="Baseline","Yes",IF(VLOOKUP(P8,'Questionnaire Scope'!$A$6:$D$13,4,FALSE)="Yes","Yes",IF(VLOOKUP(P8,'Questionnaire Scope'!$A$6:$D$13,4,FALSE)="No","No","Review"))) -> Yes | R8: =IF(Q8="Yes","Answer",IF(Q8="No","Skip","Confirm scope")) -> Answer
A9: VRA-004 | B9: Governance and Risk | C9: Policy management | D9: Are security policies approved, reviewed at least annually, and communicated to relevant personnel? | E9: Include review and exception procedures. | F9: Policy governance standard | G9: 3 | H9: Not Answered | M9: Open | N9: =IF(Q9<>"Yes","",IF(OR(H9="",H9="Not Answered",H9="N/A"),IF(H9="N/A",0,""),IF(H9="Yes",0,IF(H9="Partial",G9*2,IF(H9="No",G9*4,""))))) | O9: =IF(Q9<>"Yes","",IF(OR(H9="",H9="Not Answered",H9="N/A"),"",G9*4)) | P9: Baseline | Q9: =IF(P9="Baseline","Yes",IF(VLOOKUP(P9,'Questionnaire Scope'!$A$6:$D$13,4,FALSE)="Yes","Yes",IF(VLOOKUP(P9,'Questionnaire Scope'!$A$6:$D$13,4,FALSE)="No","No","Review"))) -> Yes | R9: =IF(Q9="Yes","Answer",IF(Q9="No","Skip","Confirm scope")) -> Answer
A10: VRA-005 | B10: Governance and Risk | C10: Exceptions | D10: Are policy exceptions documented, risk-assessed, time-limited, and approved by an authorized owner? | E10: Describe expiry and renewal controls. | F10: Exception register | G10: 3 | H10: Not Answered | M10: Open | N10: =IF(Q10<>"Yes","",IF(OR(H10="",H10="Not Answered",H10="N/A"),IF(H10="N/A",0,""),IF(H10="Yes",0,IF(H10="Partial",G10*2,IF(H10="No",G10*4,""))))) | O10: =IF(Q10<>"Yes","",IF(OR(H10="",H10="Not Answered",H10="N/A"),"",G10*4)) | P10: Baseline | Q10: =IF(P10="Baseline","Yes",IF(VLOOKUP(P10,'Questionnaire Scope'!$A$6:$D$13,4,FALSE)="Yes","Yes",IF(VLOOKUP(P10,'Questionnaire Scope'!$A$6:$D$13,4,FALSE)="No","No","Review"))) -> Yes | R10: =IF(Q10="Yes","Answer",IF(Q10="No","Skip","Confirm scope")) -> Answer
A11: VRA-006 | B11: Governance and Risk | C11: Metrics | D11: Does leadership receive recurring measures covering material security risks, incidents, and remediation? | E11: Identify reporting frequency and audience. | F11: Security metrics report | G11: 3 | H11: Not Answered | M11: Open | N11: =IF(Q11<>"Yes","",IF(OR(H11="",H11="Not Answered",H11="N/A"),IF(H11="N/A",0,""),IF(H11="Yes",0,IF(H11="Partial",G11*2,IF(H11="No",G11*4,""))))) | O11: =IF(Q11<>"Yes","",IF(OR(H11="",H11="Not Answered",H11="N/A"),"",G11*4)) | P11: Baseline | Q11: =IF(P11="Baseline","Yes",IF(VLOOKUP(P11,'Questionnaire Scope'!$A$6:$D$13,4,FALSE)="Yes","Yes",IF(VLOOKUP(P11,'Questionnaire Scope'!$A$6:$D$13,4,FALSE)="No","No","Review"))) -> Yes | R11: =IF(Q11="Yes","Answer",IF(Q11="No","Skip","Confirm scope")) -> Answer
A12: VRA-007 | B12: Governance and Risk | C12: Independent review | D12: Is the security program independently assessed by internal audit or a qualified external party? | E12: Provide the latest review date and scope. | F12: Audit or assessment report | G12: 4 | H12: Not Answered | M12: Open | N12: =IF(Q12<>"Yes","",IF(OR(H12="",H12="Not Answered",H12="N/A"),IF(H12="N/A",0,""),IF(H12="Yes",0,IF(H12="Partial",G12*2,IF(H12="No",G12*4,""))))) | O12: =IF(Q12<>"Yes","",IF(OR(H12="",H12="Not Answered",H12="N/A"),"",G12*4)) | P12: Baseline | Q12: =IF(P12="Baseline","Yes",IF(VLOOKUP(P12,'Questionnaire Scope'!$A$6:$D$13,4,FALSE)="Yes","Yes",IF(VLOOKUP(P12,'Questionnaire Scope'!$A$6:$D$13,4,FALSE)="No","No","Review"))) -> Yes | R12: =IF(Q12="Yes","Answer",IF(Q12="No","Skip","Confirm scope")) -> Answer
A13: VRA-008 | B13: Asset and Data Management | C13: Asset inventory | D13: Is an inventory maintained for systems, applications, cloud services, and infrastructure used to deliver the service? | E13: Include accountable owners and lifecycle status. | F13: Asset inventory extract | G13: 4 | H13: Not Answered | M13: Open | N13: =IF(Q13<>"Yes","",IF(OR(H13="",H13="Not Answered",H13="N/A"),IF(H13="N/A",0,""),IF(H13="Yes",0,IF(H13="Partial",G13*2,IF(H13="No",G13*4,""))))) | O13: =IF(Q13<>"Yes","",IF(OR(H13="",H13="Not Answered",H13="N/A"),"",G13*4)) | P13: Personal and Sensitive Data | Q13: =IF(P13="Baseline","Yes",IF(VLOOKUP(P13,'Questionnaire Scope'!$A$6:$D$13,4,FALSE)="Yes","Yes",IF(VLOOKUP(P13,'Questionnaire Scope'!$A$6:$D$13,4,FALSE)="No","No","Review"))) -> Review | R13: =IF(Q13="Yes","Answer",IF(Q13="No","Skip","Confirm scope")) -> Confirm scope
A14: VRA-009 | B14: Asset and Data Management | C14: Data inventory | D14: Does the organization document the categories of customer and regulated data it receives, stores, processes, and transmits? | E14: Identify data owners and processing locations. | F14: Data inventory or record of processing | G14: 5 | H14: Not Answered | M14: Open | N14: =IF(Q14<>"Yes","",IF(OR(H14="",H14="Not Answered",H14="N/A"),IF(H14="N/A",0,""),IF(H14="Yes",0,IF(H14="Partial",G14*2,IF(H14="No",G14*4,""))))) | O14: =IF(Q14<>"Yes","",IF(OR(H14="",H14="Not Answered",H14="N/A"),"",G14*4)) | P14: Personal and Sensitive Data | Q14: =IF(P14="Baseline","Yes",IF(VLOOKUP(P14,'Questionnaire Scope'!$A$6:$D$13,4,FALSE)="Yes","Yes",IF(VLOOKUP(P14,'Questionnaire Scope'!$A$6:$D$13,4,FALSE)="No","No","Review"))) -> Review | R14: =IF(Q14="Yes","Answer",IF(Q14="No","Skip","Confirm scope")) -> Confirm scope
A15: VRA-010 | B15: Asset and Data Management | C15: Classification | D15: Is information classified according to sensitivity and handling requirements? | E15: Describe classification levels and required protections. | F15: Data classification standard | G15: 4 | H15: Not Answered | M15: Open | N15: =IF(Q15<>"Yes","",IF(OR(H15="",H15="Not Answered",H15="N/A"),IF(H15="N/A",0,""),IF(H15="Yes",0,IF(H15="Partial",G15*2,IF(H15="No",G15*4,""))))) | O15: =IF(Q15<>"Yes","",IF(OR(H15="",H15="Not Answered",H15="N/A"),"",G15*4)) | P15: Personal and Sensitive Data | Q15: =IF(P15="Baseline","Yes",IF(VLOOKUP(P15,'Questionnaire Scope'!$A$6:$D$13,4,FALSE)="Yes","Yes",IF(VLOOKUP(P15,'Questionnaire Scope'!$A$6:$D$13,4,FALSE)="No","No","Review"))) -> Review | R15: =IF(Q15="Yes","Answer",IF(Q15="No","Skip","Confirm scope")) -> Confirm scope
A16: VRA-011 | B16: Asset and Data Management | C16: Retention | D16: Are retention periods defined and enforced for customer data, logs, backups, and business records? | E16: Explain how legal holds override deletion. | F16: Retention schedule | G16: 4 | H16: Not Answered | M16: Open | N16: =IF(Q16<>"Yes","",IF(OR(H16="",H16="Not Answered",H16="N/A"),IF(H16="N/A",0,""),IF(H16="Yes",0,IF(H16="Partial",G16*2,IF(H16="No",G16*4,""))))) | O16: =IF(Q16<>"Yes","",IF(OR(H16="",H16="Not Answered",H16="N/A"),"",G16*4)) | P16: Personal and Sensitive Data | Q16: =IF(P16="Baseline","Yes",IF(VLOOKUP(P16,'Questionnaire Scope'!$A$6:$D$13,4,FALSE)="Yes","Yes",IF(VLOOKUP(P16,'Questionnaire Scope'!$A$6:$D$13,4,FALSE)="No","No","Review"))) -> Review | R16: =IF(Q16="Yes","Answer",IF(Q16="No","Skip","Confirm scope")) -> Confirm scope
A17: VRA-012 | B17: Asset and Data Management | C17: Secure disposal | D17: Is data securely deleted or destroyed when no longer required, including copies held in backups and removable media? | E17: State methods and validation practices. | F17: Media disposal procedure | G17: 5 | H17: Not Answered | M17: Open | N17: =IF(Q17<>"Yes","",IF(OR(H17="",H17="Not Answered",H17="N/A"),IF(H17="N/A",0,""),IF(H17="Yes",0,IF(H17="Partial",G17*2,IF(H17="No",G17*4,""))))) | O17: =IF(Q17<>"Yes","",IF(OR(H17="",H17="Not Answered",H17="N/A"),"",G17*4)) | P17: Personal and Sensitive Data | Q17: =IF(P17="Baseline","Yes",IF(VLOOKUP(P17,'Questionnaire Scope'!$A$6:$D$13,4,FALSE)="Yes","Yes",IF(VLOOKUP(P17,'Questionnaire Scope'!$A$6:$D$13,4,FALSE)="No","No","Review"))) -> Review | R17: =IF(Q17="Yes","Answer",IF(Q17="No","Skip","Confirm scope")) -> Confirm scope
... A107: VRA-102 | B107: Compliance and Assurance | C107: Corrective actions | D107: Are audit and assessment findings risk-ranked, assigned, monitored, and independently validated before closure? | E107: Describe overdue escalation. | F107: Findings register | G107: 4 | H107: Not Answered | M107: Open | N107: =IF(Q107<>"Yes","",IF(OR(H107="",H107="Not Answered",H107="N/A"),IF(H107="N/A",0,""),IF(H107="Yes",0,IF(H107="Partial",G107*2,IF(H107="No",G107*4,""))))) | O107: =IF(Q107<>"Yes","",IF(OR(H107="",H107="Not Answered",H107="N/A"),"",G107*4)) | P107: Regulated Service | Q107: =IF(P107="Baseline","Yes",IF(VLOOKUP(P107,'Questionnaire Scope'!$A$6:$D$13,4,FALSE)="Yes","Yes",IF(VLOOKUP(P107,'Questionnaire Scope'!$A$6:$D$13,4,FALSE)="No","No","Review"))) -> Review | R107: =IF(Q107="Yes","Answer",IF(Q107="No","Skip","Confirm scope")) -> Confirm scope

Sheet Evidence Register
A1: Evidence Register
A2: Track documents and links supplied for the assessment. Do not place passwords or secrets in this workbook.
A5: Evidence ID | B5: Evidence request | C5: Domain | D5: Required | E5: Status | F5: File name or secure link | G5: Owner | H5: Due date | I5: Review status | J5: Reviewer notes
A6: EV-001 | B6: Provide current supporting evidence for Governance and Risk. | C6: Governance and Risk | D6: Yes | E6: Requested | I6: Not Reviewed
A7: EV-002 | B7: Provide current supporting evidence for Asset and Data Management. | C7: Asset and Data Management | D7: Yes | E7: Requested | I7: Not Reviewed
A8: EV-003 | B8: Provide current supporting evidence for Identity and Access. | C8: Identity and Access | D8: Yes | E8: Requested | I8: Not Reviewed
A9: EV-004 | B9: Provide current supporting evidence for Human Resources Security. | C9: Human Resources Security | D9: Yes | E9: Requested | I9: Not Reviewed
A10: EV-005 | B10: Provide current supporting evidence for Physical Security. | C10: Physical Security | D10: Yes | E10: Requested | I10: Not Reviewed
A11: EV-006 | B11: Provide current supporting evidence for Secure Configuration. | C11: Secure Configuration | D11: Yes | E11: Requested | I11: Not Reviewed
A12: EV-007 | B12: Provide current supporting evidence for Vulnerability Management. | C12: Vulnerability Management | D12: Yes | E12: Requested | I12: Not Reviewed
A13: EV-008 | B13: Provide current supporting evidence for Application Security. | C13: Application Security | D13: Yes | E13: Requested | I13: Not Reviewed
A14: EV-009 | B14: Provide current supporting evidence for Logging and Monitoring. | C14: Logging and Monitoring | D14: Yes | E14: Requested | I14: Not Reviewed
A15: EV-010 | B15: Provide current supporting evidence for Incident Response. | C15: Incident Response | D15: Yes | E15: Requested | I15: Not Reviewed
A16: EV-011 | B16: Provide current supporting evidence for Business Continuity. | C16: Business Continuity | D16: Yes | E16: Requested | I16: Not Reviewed
A17: EV-012 | B17: Provide current supporting evidence for Third-Party Management. | C17: Third-Party Management | D17: Yes | E17: Requested | I17: Not Reviewed
... A21: EV-016 | B21: Provide current supporting evidence for Compliance and Assurance. | C21: Compliance and Assurance | D21: Yes | E21: Requested | I21: Not Reviewed
A22: EV-017 | B22: Additional evidence request | D22: No | E22: Not Required | I22: Not Reviewed
A23: EV-018 | B23: Additional evidence request | D23: No | E23: Not Required | I23: Not Reviewed
A24: EV-019 | B24: Additional evidence request | D24: No | E24: Not Required | I24: Not Reviewed
A25: EV-020 | B25: Additional evidence request | D25: No | E25: Not Required | I25: Not Reviewed
A26: EV-021 | B26: Additional evidence request | D26: No | E26: Not Required | I26: Not Reviewed
A27: EV-022 | B27: Additional evidence request | D27: No | E27: Not Required | I27: Not Reviewed
A28: EV-023 | B28: Additional evidence request | D28: No | E28: Not Required | I28: Not Reviewed
A29: EV-024 | B29: Additional evidence request | D29: No | E29: Not Required | I29: Not Reviewed
A30: EV-025 | B30: Additional evidence request | D30: No | E30: Not Required | I30: Not Reviewed
A31: EV-026 | B31: Additional evidence request | D31: No | E31: Not Required | I31: Not Reviewed
A32: EV-027 | B32: Additional evidence request | D32: No | E32: Not Required | I32: Not Reviewed
A33: EV-028 | B33: Additional evidence request | D33: No | E33: Not Required | I33: Not Reviewed
... A35: EV-030 | B35: Additional evidence request | D35: No | E35: Not Required | I35: Not Reviewed

Sheet Scoring Guide
A1: Scoring Guide
A2: Apply ratings consistently and document material judgment in comments.
A5: Response | B5: Meaning | C5: Risk multiplier | D5: Expected comment | E5: Treatment
A6: Yes | B6: The control is implemented and supported by adequate evidence. | C6: 0 | D6: Optional unless clarification is needed. | E6: No response risk added.
A7: Partial | B7: The control is incomplete, inconsistently applied, or evidence shows a material limitation. | C7: 2 | D7: Describe the gap and planned improvement. | E7: Review gap and remediation.
A8: No | B8: The control is not implemented or does not address the stated outcome. | C8: 4 | D8: Explain current exposure and compensating measures. | E8: Create or accept a finding.
A9: N/A | B9: The control does not apply to the service or processing model. | C9: 0 | D9: Provide a specific applicability rationale. | E9: Reviewer validates rationale.
A10: Not Answered | B10: A response has not been supplied. | D10: Request completion. | E10: Excluded from score; lowers completion.
A13: Residual-risk percentage | B13: Risk level | C13: Interpretation | D13: Typical action
A14: 0% to <15% | B14: Low | C14: Responses indicate limited unmitigated control risk. | D14: Complete normal review.
A15: 15% to <35% | B15: Moderate | C15: Some gaps require owner review or remediation. | D15: Track corrective actions.
A16: 35% to <60% | B16: High | C16: Material control gaps or weak evidence remain. | D16: Escalate and require treatment.
A17: 60% to 100% | B17: Critical | C17: Severe or widespread control gaps remain. | D17: Do not approve without formal risk decision.
A18: Not rated | B18: Not rated | C18: No applicable answered questions are available. | D18: Obtain responses before decision.

Sheet Lists
A1: Response | B1: Workflow Status | C1: Risk Tier | D1: Yes/No | E1: Evidence Status | F1: Review Status
A2: Not Answered | B2: Open | C2: Low | D2: Yes | E2: Requested | F2: Not Reviewed
A3: Yes | B3: In Progress | C3: Moderate | D3: No | E3: Received | F3: Accepted
A4: Partial | B4: Ready for Review | C4: High | D4: Unknown | E4: Under Review | F4: Needs Update
A5: No | B5: Closed | C5: Critical | E5: Accepted | F5: Rejected
A6: N/A | B6: Exception | E6: Rejected
E7: Not Required
